{
    "test_name": "Latensi Proses Capture Kamera (Capture + Write to Disk)",
    "camera_index": 1,
    "total_attempts": 30,
    "avg_latency_ms": 251.62,
    "std_dev_ms": 7.76,
    "min_latency_ms": 230.13,
    "max_latency_ms": 282.49,
    "criteria_pass": true,
    "all_latencies_ms": [
        282.49239921569824,
        250.45418739318848,
        249.8326301574707,
        248.55375289916992,
        250.0298023223877,
        255.2194595336914,
        230.12685775756836,
        250.80513954162598,
        248.823881149292,
        251.76000595092773,
        251.23047828674316,
        247.68471717834473,
        251.25479698181152,
        251.79076194763184,
        251.49798393249512,
        251.4505386352539,
        247.78985977172852,
        251.50036811828613,
        251.29961967468262,
        251.74403190612793,
        255.4788589477539,
        244.0328598022461,
        251.67512893676758,
        251.67131423950195,
        247.88331985473633,
        259.340763092041,
        263.3357048034668,
        252.3503303527832,
        251.87349319458008,
        245.48959732055664
    ]
}