{
    "metrics": {
        "data_sent": {
            "count": 211140,
            "rate": 6170.984964864664
        },
        "http_req_tls_handshaking": {
            "p(95)": 405.7979512999997,
            "avg": 49.12020609090908,
            "min": 0,
            "med": 0,
            "max": 615.740479,
            "p(90)": 197.7537880000001
        },
        "data_received": {
            "rate": 814136.1115883914,
            "count": 27855634
        },
        "vus_max": {
            "max": 100,
            "value": 100,
            "min": 100
        },
        "http_req_duration{expected_response:true}": {
            "avg": 4468.420402150948,
            "min": 1261.129399,
            "med": 3757.299337,
            "max": 10320.822707,
            "p(90)": 8125.3966294,
            "p(95)": 8988.038082199997
        },
        "http_req_connecting": {
            "min": 0,
            "med": 0,
            "max": 79.359602,
            "p(90)": 66.0084712,
            "p(95)": 70.7382619,
            "avg": 11.25020585248714
        },
        "http_req_waiting": {
            "min": 1200.584946,
            "med": 3080.926261,
            "max": 8099.407609,
            "p(90)": 5197.7219648,
            "p(95)": 5637.3192321,
            "avg": 3305.1207897461386
        },
        "http_req_duration": {
            "avg": 4468.420402150948,
            "min": 1261.129399,
            "med": 3757.299337,
            "max": 10320.822707,
            "p(90)": 8125.3966294,
            "p(95)": 8988.038082199997,
            "thresholds": {
                "p(90)<2000": true
            }
        },
        "http_reqs": {
            "count": 583,
            "rate": 17.03933046564412
        },
        "checks": {
            "passes": 583,
            "fails": 0,
            "value": 1
        },
        "iterations": {
            "count": 583,
            "rate": 17.03933046564412
        },
        "http_req_sending": {
            "min": 0.06335,
            "med": 0.170088,
            "max": 5.608612,
            "p(90)": 0.3866828000000001,
            "p(95)": 0.7407193999999991,
            "avg": 0.29195224871355097
        },
        "http_req_failed": {
            "passes": 0,
            "fails": 583,
            "thresholds": {
                "rate<0.01": false
            },
            "value": 0
        },
        "http_req_receiving": {
            "max": 4491.749769,
            "p(90)": 2906.9012486,
            "p(95)": 3636.226556599998,
            "avg": 1163.0076601560893,
            "min": 12.774636,
            "med": 620.409379
        },
        "http_req_blocked": {
            "p(90)": 267.3111858000001,
            "p(95)": 478.1183832999996,
            "avg": 61.10417997770151,
            "min": 0.000574,
            "med": 0.002222,
            "max": 698.806632
        },
        "iteration_duration": {
            "med": 4882.44031,
            "max": 11324.703192,
            "p(90)": 9440.093719999999,
            "p(95)": 10161.8594418,
            "avg": 5531.863994922816,
            "min": 2262.631776
        },
        "vus": {
            "min": 12,
            "max": 100,
            "value": 12
        }
    },
    "root_group": {
        "name": "",
        "path": "",
        "id": "d41d8cd98f00b204e9800998ecf8427e",
        "groups": {},
        "checks": {
                "status 200": {
                    "name": "status 200",
                    "path": "::status 200",
                    "id": "fad9fa412b86fcb03bee97c80dcd61f1",
                    "passes": 583,
                    "fails": 0
                }
            }
    }
}