size_mb,upload_mbps,download_mbps
5,0.9083034418798884,0.4971769631285411
10,1.0873018517618722,1.1230134893662629
15,1.1792528920739762,0.9409600778736134
20,0.9840803494918132,0.9248031162970982
25,0.6759143845042862,0.5550732186750754
30,0.5157646632595871,0.8684007666708067
35,0.7139317656679331,0.42268419465512963
40,0.7749173999052295,0.8929229863005701
45,0.9924000394643714,1.169833664991724
50,1.206316394382467,1.1841626660912052
