size_mb,upload_kbps,download_kbps
5,1184.1308145496494,1253.1284771568521
10,1023.5013900392331,1057.1081796558587
15,899.0944822076801,818.0069766560225
20,944.3230819908338,783.7598768848163
25,714.3115557817928,584.4473704895411
30,1016.4318207446134,1109.8444991095248
35,741.2557559681444,994.0102300041848
40,764.6777751504104,742.143149629978
45,798.4918323461497,681.6412109608428
50,846.4583865379926,0
